"Team","Opponent","Shots","Att_rating","Def_rating","Venue","Time"
"arsenal","forest",15,82.5555555555556,73.3333333333333,"1",1
"arsenal","crystal",13,83,77,"0",2
"arsenal","fulham",18,83.75,77.3333333333333,"1",3
"arsenal","manchester united",17,82.375,82.5,"1",4
"arsenal","everton",13,81.75,76,"0",5
"arsenal","tottenham",12,81.75,79,"1",6
"arsenal","bournemouth",13,82.375,74.6666666666667,"0",7
"arsenal","manchester city",12,81.7142857142857,82.7142857142857,"1",8
"arsenal","chelsea",13,83.7142857142857,79.1428571428571,"0",9
"arsenal","sheffield",12,81.25,72.75,"1",10
"arsenal","newcastle",14,82,80.7142857142857,"0",11
"arsenal","burnley",16,83,74,"1",12
"arsenal","brentford",15,83.8571428571429,74,"0",13
"arsenal","wolves",19,83.8571428571429,73.625,"1",14
"arsenal","luton",23,84,71.1428571428571,"0",15
"liverpool","chelsea",13,84.5714285714286,78.5,"0",1
"liverpool","bournemouth",25,84.5714285714286,74.5,"1",2
"liverpool","newcastle",9,84.5714285714286,83,"0",3
"liverpool","aston",17,83,79.875,"1",4
"liverpool","wolves",16,82.5714285714286,76.4285714285714,"0",5
"liverpool","west",21,82.625,78.7142857142857,"1",6
"liverpool","tottenham",12,82.75,79,"0",7
"liverpool","brighton",13,83.5,76.4,"0",8
"liverpool","everton",25,82.7142857142857,75.2857142857143,"1",9
"liverpool","forest",21,82.4285714285714,75.75,"1",10
"liverpool","luton",24,82.7142857142857,71.75,"0",11
"liverpool","brentford",17,83.1666666666667,76.125,"1",12
"liverpool","manchester city",8,82.1428571428571,85.5,"0",13
"liverpool","fulham",26,82.625,76.2857142857143,"1",14
"liverpool","sheffield",15,83.5714285714286,73.8333333333333,"0",15
"aston","newcastle",16,79.875,83,"0",1
"aston","everton",12,79.875,75.75,"1",2
"aston","burnley",16,80,73.6666666666667,"0",3
"aston","liverpool",9,80,81.6666666666667,"0",4
"aston","crystal",15,80,76.125,"1",5
"aston","chelsea",15,80,79.1428571428571,"0",6
"aston","brighton",19,80,74.8333333333333,"1",7
"aston","wolves",18,80,76.2857142857143,"0",8
"aston","west",14,80,78.7142857142857,"1",9
"aston","luton",17,80,71.75,"1",10
"aston","forest",13,80,74.7142857142857,"0",11
"aston","fulham",12,80.25,76.5,"1",12
"aston","tottenham",15,80,79,"0",13
"aston","bournemouth",11,79.7142857142857,74.4,"0",14
"aston","manchester city",22,79.7142857142857,83.2857142857143,"1",15
"manchester city","burnley",17,84.6666666666667,74.1666666666667,"0",1
"manchester city","newcastle",14,84.75,83,"1",2
"manchester city","sheffield",29,84.6666666666667,73.375,"0",3
"manchester city","fulham",6,83.625,75.5,"1",4
"manchester city","west",29,84.5,78.7142857142857,"0",5
"manchester city","forest",7,83.375,76.75,"1",6
"manchester city","wolves",23,82.375,76.2857142857143,"0",7
"manchester city","arsenal",4,82.8888888888889,83.1666666666667,"0",8
"manchester city","brighton",10,84.5555555555556,76.2,"1",9
"manchester city","manchester united",20,85.4444444444444,80.5,"0",10
"manchester city","bournemouth",21,84.1111111111111,73.4285714285714,"1",11
"manchester city","chelsea",14,84.5,81,"0",12
"manchester city","liverpool",16,84.375,81.8333333333333,"1",13
"manchester city","tottenham",17,84.5,78.4,"1",14
"manchester city","aston",2,83.5,80.25,"0",15
"tottenham","brentford",18,79.25,76.625,"0",1
"tottenham","manchester united",17,79,83.5,"1",2
"tottenham","bournemouth",17,79,74,"0",3
"tottenham","burnley",21,78.625,74.1666666666667,"0",4
"tottenham","sheffield",28,78.625,73.7142857142857,"1",5
"tottenham","arsenal",13,78.5,82.2857142857143,"0",6
"tottenham","liverpool",24,79,82.1666666666667,"1",7
"tottenham","luton",15,79,71.7142857142857,"0",8
"tottenham","fulham",15,79.625,76.6666666666667,"1",9
"tottenham","crystal",10,79,76.375,"0",10
"tottenham","chelsea",8,78.5,80.2857142857143,"1",11
"tottenham","wolves",6,78.5,76.125,"0",12
"tottenham","aston",18,78.8888888888889,79.875,"1",13
"tottenham","manchester city",8,78.5555555555556,85.6666666666667,"0",14
"tottenham","west",23,79.5,78.7142857142857,"1",15
"manchester united","wolves",15,81.8571428571429,76.6666666666667,"1",1
"manchester united","tottenham",22,81.8571428571429,79,"0",2
"manchester united","forest",17,82.4285714285714,73,"1",3
"manchester united","arsenal",10,82.4285714285714,83.1666666666667,"0",4
"manchester united","brighton",14,81.2857142857143,76.7142857142857,"1",5
"manchester united","burnley",11,79.1428571428571,73.7142857142857,"0",6
"manchester united","crystal",19,80.1428571428571,76.625,"1",7
"manchester united","brentford",21,81.6666666666667,75.75,"1",8
"manchester united","sheffield",14,81.2857142857143,73.5714285714286,"0",9
"manchester united","manchester city",7,81.5714285714286,86.1666666666667,"1",10
"manchester united","fulham",12,80.25,76.5,"0",11
"manchester united","luton",15,80.5,71.75,"1",12
"manchester united","everton",8,79,75.4285714285714,"0",13
"manchester united","newcastle",8,79.1111111111111,77.8571428571429,"0",14
"manchester united","chelsea",27,80.25,79.8333333333333,"1",15
"newcastle","aston",17,81.625,79.1428571428571,"1",1
"newcastle","manchester city",7,81.625,84.6666666666667,"0",2
"newcastle","liverpool",23,81.625,84.6,"1",3
"newcastle","brighton",9,81,76.6666666666667,"0",4
"newcastle","brentford",8,79.375,77.125,"1",5
"newcastle","sheffield",22,80.125,73.875,"0",6
"newcastle","burnley",19,79.375,73.875,"1",7
"newcastle","west",10,80.75,78.7142857142857,"0",8
"newcastle","crystal",10,80.125,76.4285714285714,"1",9
"newcastle","wolves",12,80.75,75.1428571428571,"0",10
"newcastle","arsenal",9,80.75,83,"1",11
"newcastle","bournemouth",8,76,73.8,"0",12
"newcastle","chelsea",14,78.125,79.8571428571429,"1",13
"newcastle","manchester united",22,78.125,78.7142857142857,"1",14
"newcastle","everton",13,78.125,75.8571428571429,"0",15
"brighton","luton",26,77.2857142857143,72.375,"1",1
"brighton","wolves",16,76,76.6666666666667,"0",2
"brighton","west",25,76.5714285714286,78.2857142857143,"1",3
"brighton","newcastle",15,76.2857142857143,82,"1",4
"brighton","manchester united",10,76.2857142857143,81.7142857142857,"0",5
"brighton","bournemouth",13,75,74.1666666666667,"1",6
"brighton","aston",11,76.5,79.7142857142857,"0",7
"brighton","liverpool",14,74.8571428571429,83.3333333333333,"1",8
"brighton","manchester city",5,75,85,"0",9
"brighton","fulham",18,74.6666666666667,76.4285714285714,"1",10
"brighton","everton",7,75.4285714285714,75.4285714285714,"0",11
"brighton","sheffield",11,74.8571428571429,73.25,"1",12
"brighton","forest",10,75.5,74,"0",13
"brighton","chelsea",18,73,79.4285714285714,"0",14
"brighton","brentford",18,72.3333333333333,72.625,"1",15
"west","bournemouth",16,78,74.5,"0",1
"west","chelsea",11,78.1428571428571,77.5,"1",2
"west","brighton",12,78.1666666666667,77.6666666666667,"0",3
"west","luton",9,78,72.125,"0",4
"west","manchester city",6,78.1666666666667,85.6666666666667,"1",5
"west","liverpool",11,78.1666666666667,82.1666666666667,"0",6
"west","sheffield",20,78.1666666666667,73.8571428571429,"1",7
"west","newcastle",5,78.1666666666667,80.125,"1",8
"west","aston",14,78.1666666666667,79.7142857142857,"0",9
"west","everton",12,78.1666666666667,74.7142857142857,"1",10
"west","brentford",12,78.2222222222222,76,"0",11
"west","forest",16,78.3333333333333,74.7142857142857,"1",12
"west","burnley",11,78,74,"0",13
"west","crystal",9,78.2857142857143,75.8571428571429,"1",14
"west","tottenham",11,78.3333333333333,80,"0",15
"chelsea","liverpool",10,78.8571428571429,84.8,"1",1
"chelsea","west",16,77.7142857142857,78.3333333333333,"0",2
"chelsea","luton",19,79.8571428571429,72.625,"1",3
"chelsea","forest",21,79.8571428571429,75.125,"1",4
"chelsea","bournemouth",14,78,74.1666666666667,"0",5
"chelsea","aston",10,79,79.7142857142857,"1",6
"chelsea","fulham",11,76.7142857142857,77.1666666666667,"0",7
"chelsea","burnley",8,77.8571428571429,73.8333333333333,"0",8
"chelsea","arsenal",10,77.625,83.1666666666667,"1",9
"chelsea","brentford",17,77.4285714285714,75.75,"1",10
"chelsea","tottenham",16,79,79,"0",11
"chelsea","manchester city",16,79,85.6666666666667,"1",12
"chelsea","newcastle",7,78.125,77.8571428571429,"0",13
"chelsea","brighton",7,79.5,71.7142857142857,"1",14
"chelsea","manchester united",13,77.8571428571429,81.2857142857143,"0",15
"brentford","tottenham",10,76.5,79.2857142857143,"1",1
"brentford","fulham",16,76.125,76,"0",2
"brentford","crystal",12,76.125,77,"1",3
"brentford","bournemouth",21,76.1428571428571,74.6666666666667,"1",4
"brentford","newcastle",11,76.7142857142857,80.4285714285714,"0",5
"brentford","everton",12,75.25,75.5,"1",6
"brentford","forest",18,75.75,76.1428571428571,"0",7
"brentford","manchester united",11,75.625,80.4285714285714,"0",8
"brentford","burnley",23,75.625,73.8333333333333,"1",9
"brentford","chelsea",7,75.625,79,"0",10
"brentford","west",16,75.625,78.1666666666667,"1",11
"brentford","liverpool",16,75.5714285714286,83,"0",12
"brentford","arsenal",9,73.1428571428571,83.8,"1",13
"brentford","luton",27,73,71.2222222222222,"1",14
"brentford","brighton",7,71.875,71,"0",15
"fulham","everton",9,75.875,75.75,"0",1
"fulham","brentford",10,76.125,76.8571428571429,"1",2
"fulham","arsenal",8,76.6666666666667,82.3333333333333,"0",3
"fulham","manchester city",6,75.75,84.5,"0",4
"fulham","luton",13,77.125,72.25,"1",5
"fulham","crystal",10,77.25,76.625,"0",6
"fulham","chelsea",10,77.125,79.5714285714286,"1",7
"fulham","sheffield",20,77.125,73.875,"1",8
"fulham","tottenham",10,76.8888888888889,79.7142857142857,"0",9
"fulham","brighton",10,76.7777777777778,76.5714285714286,"0",10
"fulham","manchester united",18,76,80.5714285714286,"1",11
"fulham","aston",9,76.8888888888889,80,"0",12
"fulham","wolves",10,75.8888888888889,76.125,"1",13
"fulham","liverpool",9,76.5555555555556,82.1666666666667,"0",14
"fulham","forest",14,76.6666666666667,74.8571428571429,"1",15
"wolves","manchester united",23,77.1428571428571,83.5,"0",1
"wolves","brighton",16,76.4285714285714,77.6666666666667,"1",2
"wolves","everton",11,76,75.125,"0",3
"wolves","crystal",12,76.625,77,"0",4
"wolves","liverpool",11,76.7142857142857,77.6666666666667,"1",5
"wolves","luton",3,76.7142857142857,72.25,"0",6
"wolves","manchester city",3,76.5714285714286,82.8333333333333,"1",7
"wolves","aston",8,76.5714285714286,79.875,"1",8
"wolves","bournemouth",21,74.7142857142857,73.8571428571429,"0",9
"wolves","newcastle",11,75.4285714285714,80.7142857142857,"1",10
"wolves","sheffield",10,75.5714285714286,73.25,"0",11
"wolves","tottenham",17,76.2857142857143,78.2857142857143,"1",12
"wolves","fulham",9,76.2857142857143,75.1428571428571,"0",13
"wolves","arsenal",6,73.4285714285714,83.8,"0",14
"wolves","burnley",7,76.2857142857143,73.6,"1",15
"crystal","sheffield",24,76.125,72.75,"0",1
"crystal","arsenal",14,76.125,84,"1",2
"crystal","brentford",15,76.125,76.8571428571429,"0",3
"crystal","wolves",16,76.125,76.6666666666667,"1",4
"crystal","aston",6,75.75,79.7142857142857,"0",5
"crystal","fulham",7,75.75,77.1666666666667,"1",6
"crystal","manchester united",8,75.75,82.3333333333333,"0",7
"crystal","forest",8,74.75,75.2857142857143,"1",8
"crystal","newcastle",17,75.375,80.7142857142857,"0",9
"crystal","tottenham",13,75.5,79,"1",10
"crystal","burnley",4,75.5,74,"0",11
"crystal","everton",12,75.625,75.2857142857143,"1",12
"crystal","luton",16,76.625,71.125,"0",13
"crystal","west",9,75.4285714285714,78.5714285714286,"0",14
"crystal","bournemouth",16,75.7142857142857,74.4,"1",15
"bournemouth","west",14,74.4285714285714,78.4,"1",1
"bournemouth","liverpool",13,73.8571428571429,84.8,"0",2
"bournemouth","tottenham",11,74.1111111111111,79,"1",3
"bournemouth","brentford",12,74.375,77.2857142857143,"0",4
"bournemouth","chelsea",13,74.2222222222222,78.1428571428571,"1",5
"bournemouth","brighton",12,74.7777777777778,77.8333333333333,"0",6
"bournemouth","arsenal",8,75,83.1666666666667,"1",7
"bournemouth","everton",11,74.5,75.2857142857143,"0",8
"bournemouth","wolves",7,74.2222222222222,74.4285714285714,"1",9
"bournemouth","burnley",13,73.625,73.6,"1",10
"bournemouth","manchester city",5,74.25,84.4285714285714,"0",11
"bournemouth","newcastle",19,73.875,76.125,"1",12
"bournemouth","sheffield",23,74,73.25,"0",13
"bournemouth","aston",15,74.25,80.2857142857143,"1",14
"bournemouth","crystal",11,74.625,76.1428571428571,"0",15
"forest","arsenal",6,75.8333333333333,83.1666666666667,"0",1
"forest","sheffield",16,76.3333333333333,73.5,"1",2
"forest","manchester united",9,76,83.3333333333333,"0",3
"forest","chelsea",7,76,79.375,"0",4
"forest","burnley",14,76.375,74.3333333333333,"1",5
"forest","manchester city",10,76.875,84.1666666666667,"0",6
"forest","brentford",6,76.7142857142857,76.4285714285714,"1",7
"forest","crystal",16,76.25,75.7142857142857,"0",8
"forest","luton",19,76,71.125,"1",9
"forest","liverpool",9,76.4285714285714,82.3333333333333,"0",10
"forest","aston",5,75.625,79.7142857142857,"1",11
"forest","west",10,75.625,78.7142857142857,"0",12
"forest","brighton",17,74.75,75.8571428571429,"1",13
"forest","everton",13,75.75,75.4285714285714,"1",14
"forest","fulham",4,75.125,76.7142857142857,"0",15
"everton","fulham",19,75,75.7142857142857,"1",1
"everton","aston",9,75.2857142857143,79.7142857142857,"0",2
"everton","wolves",15,74.25,76.1666666666667,"1",3
"everton","sheffield",16,75.8571428571429,73.125,"0",4
"everton","arsenal",8,76.8571428571429,82.2857142857143,"1",5
"everton","brentford",18,75.5714285714286,75.8571428571429,"0",6
"everton","luton",23,75.75,71.875,"1",7
"everton","bournemouth",25,75.625,74.8333333333333,"1",8
"everton","liverpool",6,75.625,82.3333333333333,"0",9
"everton","west",10,75.125,78.6666666666667,"0",10
"everton","brighton",10,75.75,76.1428571428571,"1",11
"everton","crystal",8,75.625,76.5,"0",12
"everton","manchester united",24,75.75,78.7142857142857,"1",13
"everton","forest",12,75.5714285714286,75,"0",14
"everton","newcastle",21,76.125,77.8571428571429,"1",15
"luton","brighton",8,72.25,77.5,"0",1
"luton","chelsea",11,72.625,79.375,"0",2
"luton","west",16,72.5,78.6666666666667,"1",3
"luton","fulham",7,72,77.1666666666667,"0",4
"luton","wolves",19,71.875,76.4285714285714,"1",5
"luton","everton",9,71.5,75.5,"0",6
"luton","burnley",18,71.5,74.4285714285714,"1",7
"luton","tottenham",12,71.4285714285714,79,"1",8
"luton","forest",13,71.2857142857143,75.2857142857143,"0",9
"luton","aston",7,72,79.7142857142857,"0",10
"luton","liverpool",8,72.5,82.6666666666667,"1",11
"luton","manchester united",10,72.5,81,"0",12
"luton","crystal",8,71.6666666666667,77,"1",13
"luton","brentford",7,71.7142857142857,73.8571428571429,"0",14
"luton","arsenal",6,71.7142857142857,82.1666666666667,"1",15
"burnley","manchester city",6,72.5714285714286,84,"1",1
"burnley","aston",9,72.6666666666667,79.875,"1",2
"burnley","tottenham",16,72.5714285714286,79,"1",3
"burnley","forest",10,72.7142857142857,76,"0",4
"burnley","manchester united",12,72.8571428571429,78.2857142857143,"1",5
"burnley","newcastle",8,73.125,79.2857142857143,"0",6
"burnley","luton",14,73,71.5,"0",7
"burnley","chelsea",10,73.25,79.5714285714286,"1",8
"burnley","brentford",6,73.3333333333333,76,"0",9
"burnley","bournemouth",6,73,73.1666666666667,"0",10
"burnley","crystal",17,72.7142857142857,76.375,"1",11
"burnley","arsenal",8,72.7142857142857,83,"0",12
"burnley","west",10,72.7142857142857,78.7142857142857,"1",13
"burnley","sheffield",19,72.75,73,"1",14
"burnley","wolves",12,72.75,75.8571428571429,"0",15
"sheffield","crystal",8,69.1666666666667,77,"1",1
"sheffield","forest",7,70.5714285714286,73.25,"0",2
"sheffield","manchester city",6,70.4285714285714,85,"1",3
"sheffield","everton",13,72.7142857142857,75.125,"1",4
"sheffield","tottenham",7,73.5,79,"0",5
"sheffield","newcastle",9,73.8333333333333,80.4285714285714,"1",6
"sheffield","west",16,73.5,78.7142857142857,"0",7
"sheffield","fulham",5,73.5,77.1666666666667,"0",8
"sheffield","manchester united",11,73.5,80.1428571428571,"1",9
"sheffield","arsenal",2,72.25,80.4,"0",10
"sheffield","wolves",10,72.7777777777778,75.2857142857143,"1",11
"sheffield","brighton",9,73.375,75.5714285714286,"0",12
"sheffield","bournemouth",10,73.375,74,"1",13
"sheffield","burnley",6,72.75,74,"0",14
"sheffield","liverpool",6,68.8571428571429,83.4,"1",15
"real madrid","athletic",14,84.3333333333333,75.1428571428571,"0",1
"real madrid","almeria",25,84.7777777777778,75,"0",2
"real madrid","celta",9,84.3333333333333,76.1666666666667,"0",3
"real madrid","getafe",26,83.625,75.625,"1",4
"real madrid","sociedad",17,84.25,81,"1",5
"real madrid","atletico madrid",20,84.2222222222222,82.1666666666667,"0",6
"real madrid","palmas",21,83.7142857142857,73.4285714285714,"1",7
"real madrid","girona",14,85.2857142857143,76.1428571428571,"0",8
"real madrid","osasuna",18,85,76,"1",9
"real madrid","sevilla",14,85.2222222222222,80.2857142857143,"0",10
"real madrid","barcelona",13,85.2222222222222,81.375,"0",11
"real madrid","vallecano",22,84.625,74,"1",12
"real madrid","valencia",16,84.3333333333333,74.5,"1",13
"real madrid","cadiz",14,85.1428571428571,73.3333333333333,"0",14
"real madrid","granada",11,84.25,71.4285714285714,"1",15
"girona","sociedad",6,75.875,77.8571428571429,"0",1
"girona","getafe",7,76.125,75.125,"1",2
"girona","sevilla",8,76.125,78.7142857142857,"0",3
"girona","palmas",11,76.125,73.2857142857143,"1",4
"girona","granada",13,74,73.3333333333333,"0",5
"girona","mallorca",22,74.2857142857143,76.2222222222222,"1",6
"girona","villarreal",17,75,79.7142857142857,"0",7
"girona","real madrid",13,74.2857142857143,84.7142857142857,"1",8
"girona","cadiz",20,74.25,73.6,"0",9
"girona","almeria",19,74.25,74.2857142857143,"1",10
"girona","celta",12,74.8888888888889,74.7142857142857,"1",11
"girona","osasuna",11,74.8888888888889,76.375,"0",12
"girona","vallecano",19,75.25,74,"0",13
"girona","athletic",13,76.125,76.8571428571429,"1",14
"girona","valencia",9,74.5714285714286,73.4,"1",15
"barcelona","getafe",14,85,75.125,"0",1
"barcelona","cadiz",24,84.5714285714286,73.5,"1",2
"barcelona","villarreal",21,83.75,77.625,"0",3
"barcelona","osasuna",8,84,69.7142857142857,"0",4
"barcelona","betis",17,83.8888888888889,73.8333333333333,"1",5
"barcelona","celta",15,84,74.4285714285714,"1",6
"barcelona","mallorca",10,83.125,74.875,"0",7
"barcelona","sevilla",18,84.5714285714286,76.8571428571429,"1",8
"barcelona","granada",22,81,71.4285714285714,"0",9
"barcelona","athletic",12,80.375,77.2857142857143,"1",10
"barcelona","real madrid",15,81.125,84.75,"1",11
"barcelona","sociedad",12,82.4444444444444,80.1428571428571,"0",12
"barcelona","deportivo alaves",10,82.5714285714286,72.25,"1",13
"barcelona","vallecano",15,84.3333333333333,75.3333333333333,"0",14
"barcelona","atletico madrid",13,85.8571428571429,82.3333333333333,"1",15
"atletico madrid","granada",14,83.3333333333333,72.7142857142857,"1",1
"atletico madrid","betis",5,82.8571428571429,76.5,"0",2
"atletico madrid","vallecano",17,81.5714285714286,76.3333333333333,"0",3
"atletico madrid","valencia",11,80.75,75.125,"0",4
"atletico madrid","real madrid",10,82.3333333333333,84.2222222222222,"1",5
"atletico madrid","osasuna",5,81.8571428571429,74.875,"0",6
"atletico madrid","cadiz",18,81.375,72.6666666666667,"1",7
"atletico madrid","sociedad",13,82,80.1428571428571,"1",8
"atletico madrid","celta",11,80.5,75.2857142857143,"0",9
"atletico madrid","deportivo alaves",11,81.8571428571429,73,"1",10
"atletico madrid","palmas",13,81,71.8888888888889,"0",11
"atletico madrid","villarreal",25,81.8571428571429,77.2857142857143,"1",12
"atletico madrid","mallorca",20,80.75,75.2222222222222,"1",13
"atletico madrid","barcelona",8,82.4285714285714,85.5,"0",14
"athletic","real madrid",7,77.5,83.875,"1",1
"athletic","osasuna",8,78,77.5,"0",2
"athletic","betis",12,77.25,76.5,"1",3
"athletic","mallorca",11,78.375,75.75,"0",4
"athletic","cadiz",20,79,74.2,"1",5
"athletic","deportivo alaves",11,79,72.4285714285714,"0",6
"athletic","getafe",8,79.375,75,"1",7
"athletic","sociedad",18,79.25,81,"0",8
"athletic","almeria",23,79.25,72.7142857142857,"1",9
"athletic","barcelona",10,78.875,80.625,"0",10
"athletic","valencia",12,77.75,75,"1",11
"athletic","villarreal",17,78.5,75.125,"0",12
"athletic","celta",20,78.5,75.1428571428571,"1",13
"athletic","girona",13,78.5,76.5714285714286,"0",14
"athletic","vallecano",9,78.625,75.1428571428571,"1",15
"sociedad","girona",15,77,76.8571428571429,"1",1
"sociedad","celta",11,75.8571428571429,73.2857142857143,"1",2
"sociedad","palmas",8,78.1428571428571,73.2857142857143,"0",3
"sociedad","granada",15,80.4285714285714,72.1666666666667,"1",4
"sociedad","real madrid",15,80.4285714285714,84.25,"0",5
"sociedad","getafe",9,75.8333333333333,75.25,"1",6
"sociedad","valencia",2,77.5,75.7142857142857,"0",7
"sociedad","athletic",8,79.5714285714286,79,"1",8
"sociedad","atletico madrid",13,79.5714285714286,81.6666666666667,"0",9
"sociedad","mallorca",14,78.75,74.25,"1",10
"sociedad","vallecano",14,77.2857142857143,75,"0",11
"sociedad","barcelona",13,79.5714285714286,81.625,"1",12
"sociedad","almeria",17,76.8888888888889,74.5,"0",13
"sociedad","sevilla",11,78.7142857142857,79.1428571428571,"1",14
"sociedad","osasuna",17,79.5714285714286,76.375,"0",15
"betis","villarreal",12,77.1666666666667,77.375,"0",1
"betis","atletico madrid",14,77,81.7142857142857,"1",2
"betis","athletic",9,75.8333333333333,74.5,"0",3
"betis","vallecano",14,77,76.3333333333333,"1",4
"betis","barcelona",11,74.5,83.5714285714286,"0",5
"betis","cadiz",21,77,73.6,"1",6
"betis","granada",13,71.6666666666667,72.1428571428571,"0",7
"betis","valencia",15,74.6,73.6666666666667,"1",8
"betis","deportivo alaves",6,72.3333333333333,72,"0",9
"betis","getafe",13,73.8333333333333,75.2857142857143,"0",10
"betis","osasuna",9,73.5714285714286,76.5,"1",11
"betis","mallorca",22,73.5714285714286,74.375,"1",12
"betis","sevilla",14,73.5714285714286,78.25,"0",13
"betis","palmas",12,76.2857142857143,71.8888888888889,"1",14
"betis","almeria",6,72.8571428571429,75.8333333333333,"0",15
"palmas","mallorca",4,72.7777777777778,75.5,"1",1
"palmas","valencia",7,73.4,77.1666666666667,"0",2
"palmas","sociedad",11,73.6,80.1428571428571,"1",3
"palmas","girona",10,73.4,77.1428571428571,"0",4
"palmas","sevilla",14,73.6,79.1428571428571,"0",5
"palmas","granada",10,73.5,72,"1",6
"palmas","real madrid",16,72.7777777777778,84.3333333333333,"0",7
"palmas","celta",15,72.3,75.7142857142857,"1",8
"palmas","villarreal",7,72.6666666666667,79.8571428571429,"0",9
"palmas","vallecano",11,72.6666666666667,75.8571428571429,"1",10
"palmas","almeria",10,71.7777777777778,74.4285714285714,"0",11
"palmas","atletico madrid",9,72.2222222222222,80.5,"1",12
"palmas","osasuna",6,71.6666666666667,76.375,"0",13
"palmas","betis",15,72.2222222222222,76.8333333333333,"0",14
"palmas","getafe",11,73.2222222222222,76.25,"1",15
"getafe","barcelona",5,73.7142857142857,84,"1",1
"getafe","girona",9,73.8571428571429,77.1428571428571,"0",2
"getafe","deportivo alaves",14,73.7142857142857,73.1428571428571,"1",3
"getafe","real madrid",6,74.1666666666667,83.625,"0",4
"getafe","osasuna",11,74,72.7142857142857,"1",5
"getafe","sociedad",9,74.5714285714286,75.8571428571429,"0",6
"getafe","athletic",13,74.6666666666667,78,"0",7
"getafe","villarreal",22,75.75,79.2857142857143,"1",8
"getafe","celta",3,75,75.1666666666667,"0",9
"getafe","betis",13,75,75.8571428571429,"1",10
"getafe","mallorca",8,73.5714285714286,74.75,"0",11
"getafe","cadiz",13,74.375,73.1666666666667,"1",12
"getafe","granada",10,74.8888888888889,72.4285714285714,"0",13
"getafe","almeria",18,74.4444444444444,75,"1",14
"getafe","palmas",12,75.75,72.625,"0",15
"valencia","sevilla",10,75.1666666666667,80.8333333333333,"0",1
"valencia","palmas",8,75.1666666666667,72.625,"1",2
"valencia","osasuna",16,73.8333333333333,72.2857142857143,"1",3
"valencia","deportivo alaves",9,75.1428571428571,73.2857142857143,"0",4
"valencia","atletico madrid",12,73.75,80.2857142857143,"1",5
"valencia","almeria",7,73.625,75.2857142857143,"0",6
"valencia","sociedad",9,74,75.5714285714286,"1",7
"valencia","betis",9,70.6666666666667,78.7142857142857,"0",8
"valencia","mallorca",11,72.4285714285714,75.25,"0",9
"valencia","cadiz",12,73.25,73.4,"1",10
"valencia","athletic",11,73.25,76,"0",11
"valencia","granada",10,73.25,72.1428571428571,"1",12
"valencia","real madrid",10,72.875,84.1666666666667,"0",13
"valencia","celta",8,72.875,75.2857142857143,"1",14
"valencia","girona",9,71.8571428571429,76.4285714285714,"0",15
"vallecano","almeria",8,78,76,"0",1
"vallecano","granada",17,78,72.2857142857143,"0",2
"vallecano","atletico madrid",12,78.1428571428571,80.4285714285714,"1",3
"vallecano","betis",15,79,78.6666666666667,"0",4
"vallecano","deportivo alaves",19,76.8571428571429,72.375,"1",5
"vallecano","villarreal",11,77.4285714285714,79,"1",6
"vallecano","cadiz",9,77.3333333333333,74.2,"0",7
"vallecano","mallorca",18,76.8571428571429,75.75,"1",8
"vallecano","sevilla",7,78.8333333333333,77.7142857142857,"0",9
"vallecano","palmas",11,78,72.4285714285714,"0",10
"vallecano","sociedad",16,78.1428571428571,76.2857142857143,"1",11
"vallecano","real madrid",4,76.8333333333333,84.125,"0",12
"vallecano","girona",22,76.4285714285714,76.5714285714286,"1",13
"vallecano","barcelona",10,77.2857142857143,83.1666666666667,"1",14
"vallecano","athletic",11,77.5,77,"0",15
"villarreal","betis",18,78.6666666666667,76.6,"1",1
"villarreal","mallorca",15,78.75,76,"0",2
"villarreal","barcelona",13,79.625,82.875,"1",3
"villarreal","cadiz",7,78,74.2,"0",4
"villarreal","almeria",10,78.625,75.2857142857143,"1",5
"villarreal","vallecano",13,79.2222222222222,75.8571428571429,"0",6
"villarreal","girona",13,79.3333333333333,76.8571428571429,"1",7
"villarreal","getafe",3,79.75,76.25,"0",8
"villarreal","palmas",9,78.8888888888889,72.4285714285714,"1",9
"villarreal","deportivo alaves",11,79.375,73,"1",10
"villarreal","granada",5,77.5,70.7142857142857,"0",11
"villarreal","athletic",17,76.125,76.8571428571429,"1",12
"villarreal","atletico madrid",11,78.5,81.6666666666667,"0",13
"villarreal","osasuna",10,78.875,76.5555555555556,"1",14
"villarreal","sevilla",5,78.5,77.4285714285714,"0",15
"deportivo alaves","cadiz",10,71.875,73.2,"0",1
"deportivo alaves","sevilla",14,73.4285714285714,78.5,"1",2
"deportivo alaves","getafe",16,73.4285714285714,75.2857142857143,"0",3
"deportivo alaves","valencia",6,73.125,75.875,"1",4
"deportivo alaves","vallecano",9,73,75.8571428571429,"0",5
"deportivo alaves","athletic",15,73.1428571428571,77.5714285714286,"1",6
"deportivo alaves","celta",21,71,75.7142857142857,"0",7
"deportivo alaves","osasuna",17,72.75,74.7142857142857,"1",8
"deportivo alaves","betis",15,72.7142857142857,76.1428571428571,"1",9
"deportivo alaves","villarreal",16,73,78.375,"0",10
"deportivo alaves","atletico madrid",8,73,81.5,"0",11
"deportivo alaves","almeria",22,73.2857142857143,73.75,"1",12
"deportivo alaves","barcelona",8,72.3333333333333,81.5,"0",13
"deportivo alaves","granada",8,71.6666666666667,72.125,"1",14
"deportivo alaves","mallorca",7,71.6666666666667,75.5,"0",15
"osasuna","celta",11,76.75,74.2,"0",1
"osasuna","athletic",18,76.75,76.2857142857143,"1",2
"osasuna","valencia",6,70.5,75.8333333333333,"0",3
"osasuna","barcelona",11,70.875,83.125,"1",4
"osasuna","getafe",7,74.375,75.5714285714286,"0",5
"osasuna","sevilla",16,74.375,75,"1",6
"osasuna","atletico madrid",13,74.375,81.6666666666667,"1",7
"osasuna","deportivo alaves",10,73,72.4285714285714,"0",8
"osasuna","real madrid",7,75.25,84.5,"0",9
"osasuna","granada",11,76,72.125,"1",10
"osasuna","betis",7,76,75.8333333333333,"0",11
"osasuna","girona",15,75.875,76,"1",12
"osasuna","palmas",11,75.875,71.5,"1",13
"osasuna","villarreal",15,75.625,77.875,"0",14
"osasuna","sociedad",9,75.625,81,"1",15
"sevilla","valencia",9,81.3333333333333,77.1666666666667,"1",1
"sevilla","deportivo alaves",12,81.1428571428571,73.1428571428571,"0",2
"sevilla","girona",21,79.4285714285714,77.1428571428571,"1",3
"sevilla","palmas",26,78.7142857142857,73.2857142857143,"1",4
"sevilla","osasuna",15,76.8571428571429,74.875,"0",5
"sevilla","almeria",18,79,74.8571428571429,"1",6
"sevilla","barcelona",12,77,84,"0",7
"sevilla","vallecano",22,77.5,76.3333333333333,"1",8
"sevilla","real madrid",17,79.875,84.75,"1",9
"sevilla","cadiz",20,76.4285714285714,72.8,"0",10
"sevilla","celta",13,78.875,73.2857142857143,"0",11
"sevilla","betis",13,78.875,75.8333333333333,"1",12
"sevilla","sociedad",8,78.8571428571429,80.1428571428571,"0",13
"sevilla","villarreal",18,78.1428571428571,77.5,"1",14
"cadiz","deportivo alaves",12,73.625,72.875,"1",1
"cadiz","barcelona",10,73.375,83.5714285714286,"0",2
"cadiz","almeria",11,74.25,73.2857142857143,"1",3
"cadiz","villarreal",17,74.25,76.7142857142857,"1",4
"cadiz","athletic",5,73.875,77.5714285714286,"0",5
"cadiz","betis",5,74.125,78.7142857142857,"0",6
"cadiz","vallecano",9,74.625,75.3333333333333,"1",7
"cadiz","atletico madrid",8,73.125,81,"0",8
"cadiz","girona",8,74.75,75.875,"1",9
"cadiz","valencia",5,74,75,"0",10
"cadiz","sevilla",10,73.5555555555556,77.8333333333333,"1",11
"cadiz","getafe",6,73.3333333333333,75.1428571428571,"0",12
"cadiz","real madrid",13,73,85.1428571428571,"1",13
"cadiz","mallorca",6,74.375,77.125,"0",14
"cadiz","celta",2,73.625,75,"0",15
"mallorca","palmas",10,75.625,73,"0",1
"mallorca","villarreal",8,76.2857142857143,77.1428571428571,"1",2
"mallorca","granada",9,76.125,72.2857142857143,"0",3
"mallorca","athletic",8,76.5,76.7142857142857,"1",4
"mallorca","celta",7,77,74.4285714285714,"0",5
"mallorca","girona",14,77.5714285714286,76.1428571428571,"0",6
"mallorca","barcelona",10,74.8571428571429,83.4285714285714,"1",7
"mallorca","vallecano",9,75.75,75.5714285714286,"0",8
"mallorca","valencia",9,75.25,73.3333333333333,"1",9
"mallorca","sociedad",18,74.7142857142857,78.5714285714286,"0",10
"mallorca","getafe",15,74.75,74.7142857142857,"1",11
"mallorca","betis",8,74.8571428571429,75.8333333333333,"0",12
"mallorca","atletico madrid",8,74.5714285714286,79.6,"0",13
"mallorca","cadiz",16,76.5714285714286,72.8,"1",14
"mallorca","deportivo alaves",7,74.5,71.8571428571429,"1",15
"celta","osasuna",11,75.375,77.5,"1",1
"celta","sociedad",17,74.625,77.8571428571429,"0",2
"celta","real madrid",13,77,83.75,"1",3
"celta","almeria",14,76.5714285714286,73.5714285714286,"0",4
"celta","mallorca",16,76.4285714285714,75.7777777777778,"1",5
"celta","barcelona",13,76.4285714285714,83.7142857142857,"0",6
"celta","deportivo alaves",8,76.4285714285714,71.7142857142857,"1",7
"celta","palmas",11,74.8571428571429,71.7142857142857,"0",8
"celta","getafe",25,76.375,76,"1",9
"celta","atletico madrid",16,76.375,79.6666666666667,"1",10
"celta","girona",4,75.875,76.5,"0",11
"celta","sevilla",15,74.625,79.375,"1",12
"celta","athletic",12,76.25,76.8571428571429,"0",13
"celta","valencia",13,76.375,74.5,"0",14
"celta","cadiz",26,76.125,73.8,"1",15
"granada","atletico madrid",7,74.5,82.1666666666667,"0",1
"granada","vallecano",14,73.125,76.3333333333333,"1",2
"granada","mallorca",9,73.125,76.25,"1",3
"granada","sociedad",8,73.625,81,"0",4
"granada","girona",12,74.1111111111111,75.8571428571429,"1",5
"granada","palmas",2,74.2857142857143,73,"0",6
"granada","betis",18,74.4285714285714,74.8333333333333,"1",7
"granada","almeria",17,72.4285714285714,72.8571428571429,"0",8
"granada","barcelona",7,72.625,81.1428571428571,"1",9
"granada","osasuna",13,72.5,76.5,"0",10
"granada","villarreal",18,71.5714285714286,76.5,"1",11
"granada","valencia",6,73.5,75,"0",12
"granada","getafe",12,73.75,75.125,"1",13
"granada","deportivo alaves",10,74.125,71.8571428571429,"0",14
"granada","real madrid",2,72.875,84.8571428571429,"0",15
"almeria","vallecano",19,75,76.3333333333333,"1",1
"almeria","real madrid",20,74,84.25,"1",2
"almeria","cadiz",5,72.8888888888889,74.2,"0",3
"almeria","celta",16,74.3333333333333,74.5714285714286,"1",4
"almeria","villarreal",17,74.125,77.4285714285714,"0",5
"almeria","valencia",17,74.125,75.5714285714286,"1",6
"almeria","sevilla",9,73,78.8333333333333,"0",7
"almeria","granada",17,73,71.1666666666667,"1",8
"almeria","athletic",4,73.1111111111111,79.2857142857143,"0",9
"almeria","girona",9,74.375,75.875,"0",10
"almeria","palmas",10,74.4444444444444,71.5,"1",11
"almeria","deportivo alaves",9,73.2222222222222,72.5714285714286,"0",12
"almeria","sociedad",7,73.6666666666667,77.3333333333333,"1",13
"almeria","getafe",13,74,75.2857142857143,"0",14
"almeria","betis",20,74.25,75,"1",15
"internazionale","monza",22,82.625,75.1428571428571,"1",1
"internazionale","cagliari",17,82.625,71.75,"0",2
"internazionale","fiorentina",20,82.625,77.3333333333333,"1",3
"internazionale","milan",13,82.625,79.5714285714286,"1",4
"internazionale","empoli",23,82.125,72.8571428571429,"0",5
"internazionale","sassuolo",13,82.625,73,"1",6
"internazionale","salernitana",15,81.25,70.7142857142857,"0",7
"internazionale","bologna",14,83,73.7142857142857,"1",8
"internazionale","torino",13,82.875,74.7142857142857,"0",9
"internazionale","roma",19,83,77.8571428571429,"1",10
"internazionale","atalanta",9,83,76.875,"0",11
"internazionale","frosinone",20,82.625,67.5714285714286,"1",12
"internazionale","juventus",8,82.625,76.2857142857143,"0",13
"internazionale","napoli",11,82.625,81,"0",14
"juventus","udinese",8,79.4444444444444,73.375,"0",1
"juventus","bologna",14,79.6666666666667,74.1428571428571,"1",2
"juventus","empoli",17,81,71.8571428571429,"0",3
"juventus","lazio",17,81,79.8333333333333,"1",4
"juventus","sassuolo",15,81,72.8333333333333,"0",5
"juventus","lecce",15,79.875,71,"1",6
"juventus","atalanta",5,79.5,77.125,"0",7
"juventus","torino",17,79.125,75,"1",8
"juventus","milan",14,79.7142857142857,77.4285714285714,"0",9
"juventus","hellas",30,80,72.875,"1",10
"juventus","fiorentina",4,80.2857142857143,76.8571428571429,"0",11
"juventus","cagliari",18,78.8571428571429,71.5,"1",12
"juventus","internazionale",4,78.4285714285714,82.5,"1",13
"juventus","monza",17,78.375,75,"0",14
"milan","bologna",9,80.75,74.1428571428571,"0",1
"milan","torino",15,80.75,75.4285714285714,"1",2
"milan","roma",8,80.75,79.1428571428571,"0",3
"milan","internazionale",9,80.75,82.875,"0",4
"milan","hellas",9,78.8571428571429,72.875,"1",5
"milan","cagliari",17,78,72.25,"0",6
"milan","lazio",14,80.125,79.7142857142857,"1",7
"milan","genoa",12,77.375,70.625,"0",8
"milan","juventus",7,78.5,78.7142857142857,"1",9
"milan","napoli",20,80.1111111111111,82.3333333333333,"0",10
"milan","udinese",14,78.875,73.2222222222222,"1",11
"milan","lecce",10,80.875,69.7142857142857,"0",12
"milan","fiorentina",8,78.875,77.7142857142857,"1",13
"milan","frosinone",10,78.5555555555556,66.6666666666667,"1",14
"roma","salernitana",13,77.4285714285714,73.25,"1",1
"roma","hellas",23,79.4285714285714,72.75,"0",2
"roma","milan",13,77.4285714285714,80,"1",3
"roma","empoli",13,80.1428571428571,71.2857142857143,"1",4
"roma","torino",11,80.1428571428571,75.1428571428571,"0",5
"roma","genoa",13,80.8571428571429,70.375,"0",6
"roma","frosinone",11,80.375,67.2857142857143,"1",7
"roma","cagliari",11,79.5,71.5,"0",8
"roma","monza",21,78.5,74.875,"1",9
"roma","internazionale",3,77.8571428571429,83.25,"0",10
"roma","lecce",14,79.5714285714286,69.7142857142857,"1",11
"roma","lazio",8,80,79.7142857142857,"0",12
"roma","udinese",12,81.2857142857143,72.25,"1",13
"roma","sassuolo",14,80,72.8571428571429,"0",14
"napoli","frosinone",19,81.375,67.1428571428571,"0",1
"napoli","sassuolo",23,82.625,72.8333333333333,"1",2
"napoli","lazio",22,83.5,79.8333333333333,"1",3
"napoli","genoa",12,83.75,71.125,"0",4
"napoli","bologna",11,83.25,74.7142857142857,"0",5
"napoli","udinese",22,83.875,73,"1",6
"napoli","lecce",14,81.75,71.1428571428571,"0",7
"napoli","fiorentina",15,83.5,75.4285714285714,"1",8
"napoli","hellas",22,81.5,73.125,"0",9
"napoli","milan",17,82.375,79.7142857142857,"1",10
"napoli","salernitana",21,82.375,72.1428571428571,"0",11
"napoli","empoli",18,81,70.8571428571429,"1",12
"napoli","atalanta",11,82.375,77.5,"0",13
"napoli","internazionale",15,83.8571428571429,82.5,"1",14
"fiorentina","genoa",9,76,72.4285714285714,"0",1
"fiorentina","lecce",10,77.2857142857143,70.8571428571429,"1",2
"fiorentina","internazionale",6,77.375,82.75,"0",3
"fiorentina","atalanta",15,77.2857142857143,77.25,"1",4
"fiorentina","udinese",6,77,72.75,"0",5
"fiorentina","frosinone",19,77.875,68,"0",6
"fiorentina","cagliari",14,75.625,72,"1",7
"fiorentina","napoli",12,75.375,81,"0",8
"fiorentina","empoli",19,75.875,72.7142857142857,"1",9
"fiorentina","lazio",9,77.75,79.7142857142857,"0",10
"fiorentina","juventus",25,77.2222222222222,78.8571428571429,"1",11
"fiorentina","bologna",11,78,74.2857142857143,"1",12
"fiorentina","milan",21,77.625,79.2857142857143,"0",13
"fiorentina","salernitana",21,75.1111111111111,72.875,"1",14
"bologna","milan",17,73.5714285714286,80,"1",1
"bologna","juventus",10,74.125,79.25,"0",2
"bologna","cagliari",15,74.125,72.125,"1",3
"bologna","hellas",11,74.125,73.5,"0",4
"bologna","napoli",4,74.625,81,"1",5
"bologna","monza",8,73.1111111111111,73.8571428571429,"0",6
"bologna","empoli",21,72.8888888888889,72.2857142857143,"1",7
"bologna","internazionale",7,73.7777777777778,83.25,"0",8
"bologna","frosinone",12,74.5555555555556,68.8571428571429,"1",9
"bologna","sassuolo",9,74.5555555555556,72.6666666666667,"0",10
"bologna","lazio",6,75,79.7142857142857,"1",11
"bologna","fiorentina",10,75,77.7142857142857,"0",12
"bologna","torino",13,73.2222222222222,74.4285714285714,"1",13
"bologna","lecce",11,73.1111111111111,70.7142857142857,"0",14
"atalanta","sassuolo",16,78.1428571428571,73.2,"0",1
"atalanta","frosinone",18,77.7142857142857,66.75,"0",2
"atalanta","monza",18,77.125,74.8571428571429,"1",3
"atalanta","fiorentina",11,77.5,77,"0",4
"atalanta","cagliari",10,77.5,71.25,"1",5
"atalanta","hellas",8,77.125,72.875,"0",6
"atalanta","juventus",15,77.4285714285714,79.25,"1",7
"atalanta","lazio",12,77.125,79.7142857142857,"0",8
"atalanta","genoa",13,77.1428571428571,71.2857142857143,"1",9
"atalanta","empoli",18,77.625,72.7142857142857,"0",10
"atalanta","internazionale",14,77.75,82.875,"1",11
"atalanta","udinese",8,78.1111111111111,72.8888888888889,"0",12
"atalanta","napoli",16,78.125,82.3333333333333,"1",13
"atalanta","torino",10,77.25,74.4285714285714,"0",14
"lazio","lecce",10,81.8333333333333,69.8571428571429,"0",1
"lazio","genoa",16,81.8333333333333,71.1428571428571,"1",2
"lazio","napoli",6,81.3333333333333,81.2857142857143,"0",3
"lazio","juventus",16,81.3333333333333,79.7142857142857,"0",4
"lazio","monza",7,80,74.1428571428571,"1",5
"lazio","torino",6,80.625,75.1428571428571,"1",6
"lazio","milan",13,79.75,79.8571428571429,"0",7
"lazio","atalanta",12,79.75,76.875,"1",8
"lazio","sassuolo",18,79.75,72.6666666666667,"0",9
"lazio","fiorentina",10,80.125,77.7142857142857,"1",10
"lazio","bologna",11,79.75,74.2857142857143,"0",11
"lazio","roma",7,81,78.5,"1",12
"lazio","salernitana",12,81,73,"0",13
"lazio","cagliari",10,79.625,71.25,"1",14
"torino","cagliari",11,75.125,71.125,"1",1
"torino","milan",8,75.375,80,"0",2
"torino","genoa",10,75.375,71.1428571428571,"1",3
"torino","salernitana",11,73.75,71.75,"0",4
"torino","roma",12,73.75,78.7142857142857,"1",5
"torino","lazio",7,75.875,79.8571428571429,"0",6
"torino","hellas",8,73.75,71.2857142857143,"1",7
"torino","juventus",10,74.3333333333333,79,"0",8
"torino","internazionale",7,72.6666666666667,82.75,"1",9
"torino","lecce",10,72.1111111111111,70.8571428571429,"0",10
"torino","sassuolo",21,75.4444444444444,72.6666666666667,"1",11
"torino","monza",12,75.6666666666667,72.875,"0",12
"torino","bologna",9,75.6666666666667,73,"0",13
"torino","atalanta",8,75.6666666666667,76.5714285714286,"1",14
"monza","internazionale",12,74.8571428571429,82.75,"0",1
"monza","empoli",20,75.7142857142857,73.4,"1",2
"monza","atalanta",8,75.7142857142857,76.875,"0",3
"monza","lecce",25,75.4285714285714,70.7142857142857,"1",4
"monza","lazio",16,74.8571428571429,79.2857142857143,"0",5
"monza","bologna",10,74.8571428571429,71.8571428571429,"1",6
"monza","sassuolo",13,74.8571428571429,72.8571428571429,"0",7
"monza","salernitana",15,73.5714285714286,72.1428571428571,"1",8
"monza","roma",11,74,78.375,"0",9
"monza","udinese",10,73.5714285714286,73.2222222222222,"1",10
"monza","hellas",12,73.5714285714286,73.1428571428571,"0",11
"monza","torino",12,73.2857142857143,74.4285714285714,"1",12
"monza","cagliari",12,74.1428571428571,71.625,"0",13
"monza","juventus",16,75.3333333333333,76.7142857142857,"1",14
"frosinone","napoli",3,67.3333333333333,79.8571428571429,"1",1
"frosinone","atalanta",13,67.2222222222222,76.875,"1",2
"frosinone","udinese",12,67.4444444444444,73.375,"0",3
"frosinone","sassuolo",15,67.1111111111111,72.8333333333333,"1",4
"frosinone","salernitana",9,68.5,72.875,"0",5
"frosinone","fiorentina",11,68.25,77.7142857142857,"1",6
"frosinone","roma",8,66.875,79.25,"0",7
"frosinone","hellas",11,68.2222222222222,71,"1",8
"frosinone","bologna",11,69.125,73.7142857142857,"0",9
"frosinone","cagliari",10,67.4444444444444,71.75,"0",10
"frosinone","empoli",17,67.2222222222222,72,"1",11
"frosinone","internazionale",12,67.5555555555556,82.875,"0",12
"frosinone","genoa",9,67.25,70.625,"1",13
"frosinone","milan",15,65.625,79.1428571428571,"0",14
"lecce","lazio",23,70.1111111111111,79.8333333333333,"1",1
"lecce","fiorentina",6,70.8888888888889,77.3333333333333,"0",2
"lecce","salernitana",19,70.4444444444444,72,"1",3
"lecce","monza",3,70.4444444444444,74.8571428571429,"0",4
"lecce","genoa",18,70.625,71.125,"1",5
"lecce","juventus",2,71.3333333333333,79.125,"0",6
"lecce","napoli",9,71.4444444444444,81,"1",7
"lecce","sassuolo",13,71.1111111111111,73.3333333333333,"1",8
"lecce","udinese",12,71.7777777777778,73.75,"0",9
"lecce","torino",11,70.5555555555556,72.5,"1",10
"lecce","roma",15,69.6666666666667,78.1428571428571,"0",11
"lecce","milan",14,70.6666666666667,79.8571428571429,"1",12
"lecce","hellas",14,71.4444444444444,70.8571428571429,"0",13
"lecce","bologna",13,71.4444444444444,73,"1",14
"genoa","fiorentina",4,73.8571428571429,75.4285714285714,"1",1
"genoa","lazio",5,73.25,80.3333333333333,"0",2
"genoa","torino",7,73.25,75,"0",3
"genoa","napoli",8,72.375,80.5,"1",4
"genoa","lecce",8,72.375,70.1428571428571,"0",5
"genoa","roma",8,72.5714285714286,79.25,"1",6
"genoa","udinese",8,72.875,73.625,"0",7
"genoa","milan",7,72,78,"1",8
"genoa","atalanta",15,72.375,76.7142857142857,"0",9
"genoa","salernitana",8,73.5,73.25,"1",10
"genoa","cagliari",8,72.2222222222222,72.1428571428571,"0",11
"genoa","hellas",16,71.5,71.625,"1",12
"genoa","frosinone",13,71.375,67.8333333333333,"0",13
"genoa","empoli",21,72.875,70.8571428571429,"1",14
"sassuolo","atalanta",11,74.4285714285714,77.25,"1",1
"sassuolo","napoli",6,74.2857142857143,81.2857142857143,"0",2
"sassuolo","hellas",15,75.5,73,"1",3
"sassuolo","frosinone",18,75.625,66,"0",4
"sassuolo","juventus",18,75.625,79.7142857142857,"1",5
"sassuolo","internazionale",13,75.625,82.875,"0",6
"sassuolo","monza",19,75.5,74.1428571428571,"1",7
"sassuolo","lecce",13,76,70.7142857142857,"0",8
"sassuolo","lazio",9,75.875,79.7142857142857,"1",9
"sassuolo","bologna",16,75.375,73.2857142857143,"1",10
"sassuolo","torino",5,75.375,74.625,"0",11
"sassuolo","salernitana",29,74.625,72.5714285714286,"1",12
"sassuolo","empoli",16,75.8571428571429,70.8571428571429,"0",13
"sassuolo","roma",8,75.5,78.5,"1",14
"udinese","juventus",18,73,79,"1",1
"udinese","salernitana",14,72.8571428571429,73,"0",2
"udinese","frosinone",12,72.8571428571429,66.75,"1",3
"udinese","cagliari",11,72.8571428571429,71.375,"0",4
"udinese","fiorentina",20,72.5714285714286,77,"1",5
"udinese","napoli",13,72.8571428571429,81.5,"0",6
"udinese","genoa",11,73.5714285714286,70.7142857142857,"1",7
"udinese","empoli",11,73.2857142857143,73,"0",8
"udinese","lecce",11,73.4285714285714,71.5714285714286,"1",9
"udinese","monza",10,72.8571428571429,74.1428571428571,"0",10
"udinese","milan",11,72.8571428571429,78.1428571428571,"0",11
"udinese","atalanta",12,72.25,78,"1",12
"udinese","roma",6,71.625,79.625,"0",13
"udinese","hellas",12,72.25,70.2857142857143,"1",14
"empoli","hellas",10,74.125,72.25,"1",1
"empoli","monza",18,74.4285714285714,74.8571428571429,"0",2
"empoli","juventus",7,73.25,79.7142857142857,"1",3
"empoli","roma",8,71.625,78.625,"0",4
"empoli","internazionale",7,72.125,82.375,"1",5
"empoli","salernitana",13,70.75,72.875,"1",6
"empoli","bologna",12,73.625,72.5714285714286,"0",7
"empoli","udinese",18,73.75,73.375,"1",8
"empoli","fiorentina",7,73.375,75.4285714285714,"0",9
"empoli","atalanta",9,73.375,76.75,"1",10
"empoli","frosinone",10,72.625,68.3333333333333,"0",11
"empoli","napoli",8,71.5,80.5714285714286,"0",12
"empoli","sassuolo",10,71.5,72.7142857142857,"1",13
"empoli","genoa",9,70.875,70,"0",14
"hellas","empoli",10,72.2857142857143,73.1666666666667,"0",1
"hellas","roma",5,72.1428571428571,80,"1",2
"hellas","sassuolo",11,73.1428571428571,72.8571428571429,"0",3
"hellas","bologna",9,73,74.1428571428571,"1",4
"hellas","milan",10,73,78.1428571428571,"0",5
"hellas","atalanta",11,72.2857142857143,77,"1",6
"hellas","torino",5,71.1428571428571,74.8571428571429,"0",7
"hellas","frosinone",16,72.5714285714286,67.5714285714286,"0",8
"hellas","napoli",15,73.2857142857143,81.1666666666667,"1",9
"hellas","juventus",7,72.375,78.7142857142857,"0",10
"hellas","monza",16,73,75.1428571428571,"1",11
"hellas","genoa",7,71,71.25,"0",12
"hellas","lecce",19,70.875,71,"1",13
"hellas","udinese",12,71.375,72.4444444444444,"0",14
"cagliari","torino",8,70.25,75.4285714285714,"0",1
"cagliari","internazionale",12,71,82.75,"1",2
"cagliari","bologna",7,72.25,74.1428571428571,"0",3
"cagliari","udinese",10,70.5,73.375,"1",4
"cagliari","atalanta",10,70.8888888888889,76.875,"0",5
"cagliari","milan",16,72.375,78.4285714285714,"1",6
"cagliari","fiorentina",6,72.625,75.4285714285714,"0",7
"cagliari","roma",15,71.6666666666667,78.375,"1",8
"cagliari","salernitana",13,70.875,73.5714285714286,"0",9
"cagliari","frosinone",23,71.5,66.8333333333333,"1",10
"cagliari","genoa",12,71.375,71,"1",11
"cagliari","juventus",11,71.75,77.4285714285714,"0",12
"cagliari","monza",17,71.875,74.25,"1",13
"cagliari","lazio",9,72.375,77,"0",14
"salernitana","roma",3,72.8571428571429,78.75,"0",1
"salernitana","udinese",9,73.8571428571429,73.375,"1",2
"salernitana","lecce",11,71.8571428571429,70.7142857142857,"0",3
"salernitana","torino",14,72,75.1428571428571,"1",4
"salernitana","frosinone",19,73.2857142857143,68,"1",5
"salernitana","empoli",14,73.2857142857143,71.2857142857143,"0",6
"salernitana","internazionale",12,72.25,82.2857142857143,"1",7
"salernitana","monza",8,73.5,75.1428571428571,"0",8
"salernitana","cagliari",12,74.75,71.5714285714286,"1",9
"salernitana","genoa",7,75.5714285714286,71.4285714285714,"0",10
"salernitana","napoli",10,72.5,81,"1",11
"salernitana","sassuolo",9,72.875,72.6666666666667,"0",12
"salernitana","lazio",13,72.375,75.8333333333333,"1",13
"salernitana","fiorentina",11,72.375,75.1428571428571,"0",14
"psg","lorient",20,81.1666666666667,74.7142857142857,"1",1
"psg","toulouse",15,80.8333333333333,72.3333333333333,"0",2
"psg","lens",17,83.4285714285714,77.6666666666667,"1",3
"psg","lyon",21,83.4285714285714,76.5714285714286,"0",4
"psg","nice",12,82.7142857142857,76.5714285714286,"1",5
"psg","marseille",15,82.625,78.75,"1",6
"psg","clermont",21,83.6666666666667,71.5,"0",7
"psg","rennes",17,83,75.1428571428571,"0",8
"psg","strasbourg",7,81.8333333333333,70.375,"1",9
"psg","brest",16,81.5714285714286,72.8571428571429,"0",10
"psg","montpellier",21,82.8571428571429,73.5,"1",11
"psg","reims",14,81.5714285714286,74.125,"0",12
"psg","monaco",15,83.25,75,"1",13
"psg","havre",9,82.2857142857143,69.875,"0",14
"nice","lille",8,76.25,76.25,"1",1
"nice","lorient",21,75.5555555555556,74.375,"0",2
"nice","lyon",21,76.5,74.5,"1",3
"nice","strasbourg",16,76.125,72,"1",4
"nice","psg",14,76.75,81.1666666666667,"0",5
"nice","monaco",13,76.75,76.1428571428571,"0",6
"nice","brest",12,76.25,72.8571428571429,"1",7
"nice","metz",7,76.5,69.5,"0",8
"nice","marseille",10,76.125,78.6666666666667,"1",9
"nice","clermont",11,75.25,71.5,"0",10
"nice","rennes",15,76.5,75.4285714285714,"1",11
"nice","montpellier",15,75.125,72.375,"0",12
"nice","toulouse",8,76.5555555555556,71.8333333333333,"1",13
"nice","nantes",13,75.125,73.25,"0",14
"monaco","clermont",14,79.1666666666667,72.2857142857143,"0",1
"monaco","strasbourg",9,78.75,71.5714285714286,"1",2
"monaco","nantes",27,78.75,73,"0",3
"monaco","lens",12,78.7142857142857,77.75,"1",4
"monaco","lorient",20,78.8571428571429,74,"0",5
"monaco","nice",7,78.25,76.5714285714286,"1",6
"monaco","marseille",10,76.875,78.1428571428571,"1",7
"monaco","reims",11,78,73.8571428571429,"0",8
"monaco","metz",27,77.875,69.3333333333333,"1",9
"monaco","lille",16,78,75.2857142857143,"0",10
"monaco","brest",12,76.125,72.8571428571429,"1",11
"monaco","havre",10,76.625,70,"0",12
"monaco","psg",14,77.2857142857143,82.1666666666667,"0",13
"monaco","montpellier",27,76.125,74,"1",14
"lille","nice",12,75.7142857142857,76.2857142857143,"0",1
"lille","nantes",18,76.625,73.25,"1",2
"lille","lorient",18,75.125,73.75,"0",3
"lille","montpellier",15,76.1428571428571,73,"1",4
"lille","rennes",10,76.625,76.75,"0",5
"lille","reims",14,76.5714285714286,75.4285714285714,"1",6
"lille","havre",16,76.875,70.1428571428571,"0",7
"lille","lens",8,76.875,77.5714285714286,"0",8
"lille","brest",6,76,72.4285714285714,"1",9
"lille","monaco",7,75.375,75.6,"1",10
"lille","marseille",10,75.4285714285714,79.8571428571429,"0",11
"lille","toulouse",14,76.5714285714286,72,"1",12
"lille","lyon",15,75,71.8333333333333,"0",13
"lille","metz",15,76,70.6666666666667,"1",14
"reims","marseille",11,71.1428571428571,79.2857142857143,"0",1
"reims","clermont",8,71.3333333333333,72.2857142857143,"1",2
"reims","montpellier",11,73,75.2857142857143,"0",3
"reims","metz",12,73.8571428571429,68.8333333333333,"0",4
"reims","brest",13,72.8333333333333,72.8571428571429,"1",5
"reims","lille",4,75,76.6,"0",6
"reims","lyon",8,75,74.25,"1",7
"reims","monaco",10,73.1666666666667,75,"1",8
"reims","toulouse",15,72.8,72,"0",9
"reims","lorient",12,73.8333333333333,72.5714285714286,"1",10
"reims","nantes",7,71.8333333333333,73.7142857142857,"0",11
"reims","psg",19,73.3333333333333,79.6,"1",12
"reims","rennes",15,73.8571428571429,76,"0",13
"reims","strasbourg",12,73,70.8571428571429,"1",14
"lens","brest",8,76,73,"0",1
"lens","rennes",15,76.8571428571429,75,"1",2
"lens","psg",12,76.8571428571429,81.6,"0",3
"lens","monaco",12,77,75.8571428571429,"0",4
"lens","metz",31,77,69.6666666666667,"1",5
"lens","toulouse",27,76.5714285714286,71.1428571428571,"1",6
"lens","strasbourg",9,75.8571428571429,70.4285714285714,"0",7
"lens","lille",14,76.2857142857143,75.3333333333333,"1",8
"lens","havre",13,76,71.3333333333333,"0",9
"lens","nantes",9,76.7142857142857,73.25,"1",10
"lens","lorient",14,75.4285714285714,72.5,"0",11
"lens","marseille",14,75.5714285714286,79.1666666666667,"1",12
"lens","clermont",16,75.8571428571429,70.5714285714286,"0",13
"lens","lyon",9,74.4285714285714,74.6666666666667,"1",14
"brest","lens",13,72.7777777777778,77.625,"1",1
"brest","havre",10,72.7777777777778,71,"0",2
"brest","marseille",18,72.7777777777778,79.6666666666667,"0",3
"brest","rennes",13,72.7777777777778,76.7142857142857,"1",4
"brest","reims",18,72.7777777777778,74.5714285714286,"0",5
"brest","lyon",27,72.7777777777778,75.8571428571429,"1",6
"brest","nice",7,72.7777777777778,76.2857142857143,"0",7
"brest","toulouse",13,72.6666666666667,72,"1",8
"brest","lille",9,72.875,75.1666666666667,"0",9
"brest","psg",21,72.7777777777778,81.5,"1",10
"brest","monaco",15,72.7777777777778,75,"0",11
"brest","montpellier",17,72.5555555555556,73,"0",12
"brest","clermont",11,72.6666666666667,70.5714285714286,"1",13
"brest","strasbourg",13,72.1,70.8571428571429,"1",14
"marseille","reims",14,76.7142857142857,73,"1",1
"marseille","metz",22,76.875,68.5,"0",2
"marseille","brest",15,78.25,72.8571428571429,"1",3
"marseille","nantes",26,79,73.8333333333333,"0",4
"marseille","toulouse",24,77.5714285714286,71.8571428571429,"1",5
"marseille","psg",6,79.3333333333333,81.6,"0",6
"marseille","monaco",8,77.5,75.2857142857143,"0",7
"marseille","havre",14,76.875,70,"1",8
"marseille","nice",9,77.75,76.1428571428571,"0",9
"marseille","lille",8,79.125,75.3333333333333,"1",10
"marseille","lens",8,78.5714285714286,76.5,"0",11
"marseille","strasbourg",16,78.2857142857143,71.8571428571429,"0",12
"marseille","rennes",4,77.875,76.125,"1",13
"marseille","lyon",12,77.1666666666667,74,"1",14
"nantes","toulouse",8,73.25,72,"1",1
"nantes","lille",14,73.25,76.2,"0",2
"nantes","monaco",2,73,76.1428571428571,"1",3
"nantes","marseille",10,72.8571428571429,79.6666666666667,"1",4
"nantes","clermont",8,73.4285714285714,72.5714285714286,"0",5
"nantes","lorient",18,72.875,74,"1",6
"nantes","rennes",10,73.375,76.2857142857143,"0",7
"nantes","strasbourg",16,72.5,71.4285714285714,"0",8
"nantes","montpellier",14,72.5555555555556,74.2857142857143,"1",9
"nantes","lens",11,72.5,77.5,"0",10
"nantes","reims",17,72.5714285714286,73.5,"1",11
"nantes","metz",16,73.125,70.8333333333333,"0",12
"nantes","havre",19,73.375,70.1428571428571,"1",13
"nantes","nice",13,73.125,76.5714285714286,"1",14
"havre","montpellier",12,69.75,75.2857142857143,"0",1
"havre","brest",18,69.875,72.8571428571429,"1",2
"havre","rennes",7,70.25,76.1428571428571,"0",3
"havre","lorient",17,69.375,73.75,"1",4
"havre","lyon",7,70.5,75.8571428571429,"0",5
"havre","clermont",9,70.5,71.5,"1",6
"havre","lille",5,69.875,75.3333333333333,"1",7
"havre","marseille",7,69.875,77.5,"0",8
"havre","lens",14,70.375,76.875,"1",9
"havre","metz",12,70.25,69.6666666666667,"0",10
"havre","toulouse",15,70.5,72.6,"0",11
"havre","monaco",8,69.7142857142857,75,"1",12
"havre","nantes",6,68.5714285714286,73.5714285714286,"0",13
"havre","psg",22,70.4285714285714,80.8,"1",14
"metz","rennes",9,69.1428571428571,75,"0",1
"metz","marseille",10,66.8571428571429,77.2857142857143,"1",2
"metz","clermont",10,69,72,"0",3
"metz","reims",12,69.2222222222222,75.7142857142857,"1",4
"metz","lens",2,70.125,77.4285714285714,"0",5
"metz","strasbourg",13,69.8888888888889,70.4285714285714,"1",6
"metz","toulouse",8,68.6666666666667,72.1666666666667,"0",7
"metz","nice",10,68.875,76.5714285714286,"1",8
"metz","monaco",8,69.875,75.4,"0",9
"metz","havre",9,69.5714285714286,71.1666666666667,"1",10
"metz","lyon",11,68.875,73.5714285714286,"0",11
"metz","nantes",9,67.625,73.125,"1",12
"metz","lorient",13,69.1111111111111,73.375,"0",13
"metz","lille",5,69.1111111111111,73.6,"0",14
"rennes","metz",29,75.2857142857143,70.3333333333333,"1",1
"rennes","lens",9,75.625,77.6666666666667,"0",2
"rennes","havre",22,77.125,70.75,"1",3
"rennes","brest",6,77.125,72.8571428571429,"0",4
"rennes","lille",7,76.375,76.3333333333333,"1",5
"rennes","montpellier",18,73.125,72.75,"0",6
"rennes","nantes",14,75.375,73.5,"1",7
"rennes","psg",14,75.75,81.6,"1",8
"rennes","lorient",20,75.6666666666667,71.8333333333333,"0",9
"rennes","strasbourg",20,75.4444444444444,70.6666666666667,"1",10
"rennes","nice",11,76.6666666666667,76.5714285714286,"0",11
"rennes","lyon",8,76.8571428571429,73.8571428571429,"1",12
"rennes","reims",10,77.375,75.7142857142857,"1",13
"rennes","marseille",10,77.5,79.1666666666667,"0",14
"montpellier","havre",14,74.4285714285714,70.8571428571429,"1",1
"montpellier","lyon",14,74.4285714285714,75.3333333333333,"0",2
"montpellier","reims",20,74.4285714285714,74.7142857142857,"1",3
"montpellier","lille",7,72.5,74.4,"0",4
"montpellier","strasbourg",10,73.6666666666667,72.4285714285714,"0",5
"montpellier","rennes",13,72.3333333333333,76.6666666666667,"1",6
"montpellier","lorient",13,73.7142857142857,74,"0",7
"montpellier","nantes",11,73.625,73.25,"0",8
"montpellier","toulouse",19,72.7142857142857,72.1666666666667,"1",9
"montpellier","psg",7,72.7142857142857,80.6,"0",10
"montpellier","nice",9,71.625,76.7142857142857,"1",11
"montpellier","brest",15,72.1428571428571,72.5714285714286,"1",12
"montpellier","clermont",31,73,70.375,"1",13
"montpellier","monaco",9,73.1666666666667,76.6666666666667,"0",14
"strasbourg","lyon",8,71.5714285714286,76.7142857142857,"1",1
"strasbourg","monaco",4,71.7142857142857,76.1428571428571,"0",2
"strasbourg","toulouse",11,71.1428571428571,72,"1",3
"strasbourg","nice",4,71.5,75.8571428571429,"0",4
"strasbourg","montpellier",14,71.8888888888889,74.2857142857143,"1",5
"strasbourg","metz",4,69.4444444444444,70.8333333333333,"0",6
"strasbourg","lens",8,69.4444444444444,76.75,"1",7
"strasbourg","nantes",11,71.1111111111111,73.25,"1",8
"strasbourg","psg",7,69.6666666666667,81.25,"0",9
"strasbourg","rennes",11,69.4444444444444,75.1666666666667,"0",10
"strasbourg","clermont",18,69.8888888888889,71.2857142857143,"1",11
"strasbourg","marseille",15,71.3333333333333,79.5,"1",12
"strasbourg","reims",9,70.5555555555556,73.875,"0",13
"strasbourg","brest",9,71.1111111111111,71.8333333333333,"0",14
"toulouse","nantes",9,72.4285714285714,72.125,"0",1
"toulouse","psg",7,72.4285714285714,81.5,"1",2
"toulouse","strasbourg",7,71.875,71.75,"0",3
"toulouse","clermont",9,71.7142857142857,72.2857142857143,"1",4
"toulouse","marseille",10,71.5,79.3333333333333,"0",5
"toulouse","lens",7,71,77.875,"0",6
"toulouse","metz",15,72,70.8333333333333,"1",7
"toulouse","brest",9,70,72.7142857142857,"0",8
"toulouse","reims",11,71.8571428571429,72.625,"1",9
"toulouse","montpellier",17,70.6666666666667,73.5,"0",10
"toulouse","havre",16,72,70.1666666666667,"1",11
"toulouse","lille",2,71.8333333333333,75.3333333333333,"0",12
"toulouse","nice",19,70.8333333333333,76.1666666666667,"0",13
"toulouse","lorient",11,71,74,"1",14
"lorient","psg",4,73.5714285714286,81.5,"0",1
"lorient","nice",9,74,75.7142857142857,"1",2
"lorient","lille",9,71,74.6,"1",3
"lorient","havre",9,71,70.75,"0",4
"lorient","monaco",10,72.7142857142857,76,"1",5
"lorient","nantes",10,72.7142857142857,73.5714285714286,"0",6
"lorient","montpellier",14,72.1428571428571,74.4285714285714,"1",7
"lorient","lyon",6,71.5714285714286,74.6666666666667,"0",8
"lorient","rennes",5,69.5,74.8571428571429,"1",9
"lorient","reims",9,71.25,74.5,"0",10
"lorient","lens",7,71.5714285714286,77.125,"1",11
"lorient","clermont",10,71.4285714285714,70.5,"0",12
"lorient","metz",11,70.75,70.6666666666667,"1",13
"lorient","toulouse",11,71.375,72.3333333333333,"0",14
"clermont","monaco",15,72.125,75,"1",1
"clermont","reims",11,72.125,73.2857142857143,"0",2
"clermont","metz",16,71.75,70.6666666666667,"1",3
"clermont","toulouse",14,72.25,72,"0",4
"clermont","nantes",15,72.375,73.7142857142857,"1",5
"clermont","havre",11,71.375,70.8571428571429,"0",6
"clermont","psg",12,71.375,82.5,"1",7
"clermont","lyon",12,71.2857142857143,73.7142857142857,"0",8
"clermont","nice",8,71.375,76.1428571428571,"1",9
"clermont","strasbourg",10,71.5,71.3333333333333,"0",10
"clermont","lorient",16,70.375,72.5,"1",11
"clermont","lens",13,70.625,76.375,"1",12
"clermont","montpellier",5,70.2857142857143,73.7142857142857,"0",13
"clermont","brest",10,70.7777777777778,72.8571428571429,"0",14
"lyon","strasbourg",23,77.8571428571429,72.5714285714286,"0",1
"lyon","montpellier",7,76.2857142857143,75.2857142857143,"1",2
"lyon","nice",6,75.8333333333333,76.2857142857143,"0",3
"lyon","psg",18,75.75,81.6,"1",4
"lyon","havre",23,76.3333333333333,70.8571428571429,"1",5
"lyon","brest",6,75.4444444444444,72.8571428571429,"0",6
"lyon","reims",11,76.4285714285714,75.4285714285714,"0",7
"lyon","lorient",8,77.3333333333333,73.5714285714286,"1",8
"lyon","clermont",25,75.5,71.25,"1",9
"lyon","metz",15,77.3333333333333,70.8333333333333,"1",10
"lyon","rennes",12,75.7142857142857,75.5714285714286,"0",11
"lyon","lille",11,75,73.6,"1",12
"lyon","lens",12,76,76.2857142857143,"0",13
"lyon","marseille",6,74.625,77.2857142857143,"0",14
"leverkusen","leipzig",11,81.5714285714286,79.1666666666667,"1",1
"leverkusen","gladbach",24,81.5714285714286,76.8,"0",2
"leverkusen","darmstadt",25,81.5714285714286,71.5714285714286,"1",3
"leverkusen","munich",12,81.8571428571429,84.2,"0",4
"leverkusen","heidenheim",20,81.5714285714286,70.1666666666667,"1",5
"leverkusen","mainz",6,81.5714285714286,74.7142857142857,"0",6
"leverkusen","koln",23,81.5714285714286,73.4285714285714,"1",7
"leverkusen","wolfsburg",13,79.75,76.875,"0",8
"leverkusen","freiburg",18,81.5714285714286,75.1428571428571,"1",9
"leverkusen","hoffenheim",9,81.5714285714286,74.2857142857143,"0",10
"leverkusen","berlin",18,81.5714285714286,76.25,"1",11
"leverkusen","werder",14,81.625,73.7142857142857,"0",12
"leverkusen","dortmund",23,81.5714285714286,81.1428571428571,"1",13
"munich","werder",25,85.375,73.75,"0",1
"munich","augsburg",18,85.125,73.6666666666667,"1",2
"munich","gladbach",25,85.125,74.8333333333333,"0",3
"munich","leverkusen",16,85.125,82.5714285714286,"1",4
"munich","bochum",25,84.125,72.625,"1",5
"munich","leipzig",10,85.5,78.6666666666667,"0",6
"munich","freiburg",21,85.125,73.1666666666667,"1",7
"munich","mainz",13,85.5,74.7142857142857,"0",8
"munich","darmstadt",29,85.125,70.625,"1",9
"munich","dortmund",14,84.75,80.4285714285714,"0",10
"munich","heidenheim",19,79.625,70.1428571428571,"1",11
"munich","koln",21,84.375,74,"0",12
"stuttgart","bochum",21,72.8333333333333,73,"1",1
"stuttgart","leipzig",9,71.8333333333333,79.6666666666667,"0",2
"stuttgart","freiburg",13,73.1666666666667,76.8333333333333,"1",3
"stuttgart","mainz",15,72.8571428571429,74.8571428571429,"0",4
"stuttgart","darmstadt",18,72.8571428571429,70.5714285714286,"1",5
"stuttgart","koln",18,72.5714285714286,73.3333333333333,"0",6
"stuttgart","wolfsburg",13,72.5714285714286,77.25,"1",7
"stuttgart","berlin",10,73.2857142857143,76.875,"0",8
"stuttgart","hoffenheim",22,72.5714285714286,75.2857142857143,"1",9
"stuttgart","heidenheim",16,73.6,69.7142857142857,"0",10
"stuttgart","dortmund",20,73,80.75,"1",11
"stuttgart","frankfurt",11,73,75,"0",12
"stuttgart","werder",18,73.25,73.25,"1",13
"leipzig","leverkusen",14,79.7777777777778,82.2857142857143,"0",1
"leipzig","stuttgart",20,79.4444444444444,72.75,"1",2
"leipzig","berlin",14,79.4444444444444,77,"0",3
"leipzig","augsburg",9,79.1111111111111,74.2857142857143,"1",4
"leipzig","gladbach",8,78.3333333333333,74.5714285714286,"0",5
"leipzig","munich",6,79.1111111111111,84.5,"1",6
"leipzig","bochum",15,79,73.375,"1",7
"leipzig","darmstadt",10,78.7777777777778,70.8571428571429,"0",8
"leipzig","koln",25,79.5555555555556,74.1666666666667,"1",9
"leipzig","mainz",10,79.3333333333333,74.3333333333333,"0",10
"leipzig","freiburg",14,79,74.8571428571429,"1",11
"leipzig","wolfsburg",25,78.8888888888889,75.75,"0",12
"leipzig","heidenheim",22,78.9,70.1428571428571,"1",13
"dortmund","koln",13,81.625,74.1428571428571,"1",1
"dortmund","bochum",14,80.5714285714286,72.625,"0",2
"dortmund","heidenheim",18,81.375,69.6666666666667,"1",3
"dortmund","freiburg",15,80.8571428571429,77,"0",4
"dortmund","wolfsburg",18,78.75,76.4285714285714,"1",5
"dortmund","hoffenheim",6,80.125,76.125,"0",6
"dortmund","berlin",14,78.2857142857143,77.125,"1",7
"dortmund","werder",23,80.1428571428571,73.7142857142857,"1",8
"dortmund","frankfurt",14,79.875,75.1428571428571,"0",9
"dortmund","munich",15,80.25,83.5,"1",10
"dortmund","stuttgart",5,80,73.3333333333333,"0",11
"dortmund","gladbach",23,79.2857142857143,74.5714285714286,"1",12
"dortmund","leverkusen",6,79,82.2857142857143,"0",13
"hoffenheim","freiburg",22,76.8,76.1666666666667,"1",1
"hoffenheim","heidenheim",15,76.4285714285714,70.4,"0",2
"hoffenheim","wolfsburg",10,76,76.4285714285714,"1",3
"hoffenheim","koln",13,75.5,73.4285714285714,"0",4
"hoffenheim","berlin",10,75.4285714285714,77,"0",5
"hoffenheim","dortmund",14,75.5,80.2857142857143,"1",6
"hoffenheim","werder",10,74.5,73.625,"0",7
"hoffenheim","frankfurt",14,74.5,75.1428571428571,"1",8
"hoffenheim","stuttgart",6,73.1428571428571,72.5,"0",9
"hoffenheim","leverkusen",12,73.875,82.2857142857143,"1",10
"hoffenheim","augsburg",12,74.25,73.8333333333333,"0",11
"hoffenheim","mainz",15,75.4285714285714,74.4285714285714,"1",12
"hoffenheim","gladbach",19,72.375,74.2857142857143,"0",13
"frankfurt","darmstadt",9,79,70.8333333333333,"1",1
"frankfurt","mainz",7,77.6666666666667,74.4285714285714,"0",2
"frankfurt","koln",13,76.1428571428571,74.8333333333333,"1",3
"frankfurt","bochum",8,74.5714285714286,72.625,"0",4
"frankfurt","freiburg",12,74.1428571428571,76,"1",5
"frankfurt","wolfsburg",8,75.7142857142857,77.25,"0",6
"frankfurt","heidenheim",12,74.5714285714286,70.1666666666667,"1",7
"frankfurt","hoffenheim",15,75.1428571428571,75.5,"0",8
"frankfurt","dortmund",11,75.1428571428571,80.3333333333333,"1",9
"frankfurt","berlin",4,75.1428571428571,77.2857142857143,"0",10
"frankfurt","werder",14,75.1428571428571,73.7142857142857,"0",11
"frankfurt","stuttgart",14,75.125,73.3333333333333,"1",12
"frankfurt","augsburg",14,73.1428571428571,74.7142857142857,"0",13
"freiburg","hoffenheim",18,75.625,76.4285714285714,"0",1
"freiburg","werder",23,75.7142857142857,73.375,"1",2
"freiburg","stuttgart",13,76.125,72.8,"0",3
"freiburg","dortmund",15,75.8333333333333,81.4285714285714,"1",4
"freiburg","frankfurt",7,75,74.25,"0",5
"freiburg","augsburg",6,75,74.1428571428571,"1",6
"freiburg","munich",2,74.1428571428571,84,"0",7
"freiburg","bochum",16,75.3333333333333,73.5714285714286,"1",8
"freiburg","leverkusen",10,74.1428571428571,82.2857142857143,"0",9
"freiburg","gladbach",15,74.1428571428571,74.1666666666667,"1",10
"freiburg","leipzig",9,73.2857142857143,78.6666666666667,"0",11
"freiburg","darmstadt",15,75.8333333333333,71.4285714285714,"1",12
"freiburg","mainz",13,71.8571428571429,74.8333333333333,"0",13
"augsburg","gladbach",19,73.5714285714286,76.4,"1",1
"augsburg","munich",10,73.5714285714286,84,"0",2
"augsburg","bochum",11,73.375,72.625,"1",3
"augsburg","leipzig",16,74.1428571428571,78.6666666666667,"0",4
"augsburg","mainz",5,74,75,"1",5
"augsburg","freiburg",13,74.3333333333333,76,"0",6
"augsburg","darmstadt",18,73.1666666666667,71.25,"1",7
"augsburg","heidenheim",8,72.875,70,"0",8
"augsburg","wolfsburg",8,72.875,75.625,"1",9
"augsburg","koln",18,72.875,73.4,"0",10
"augsburg","hoffenheim",11,73.125,74.3333333333333,"1",11
"augsburg","berlin",10,73.375,76.2857142857143,"0",12
"augsburg","frankfurt",7,73.875,74.1666666666667,"1",13
"gladbach","augsburg",9,75.125,73.6666666666667,"0",1
"gladbach","leverkusen",12,75.4285714285714,82.2857142857143,"1",2
"gladbach","munich",7,73.8571428571429,84,"1",3
"gladbach","darmstadt",21,73.1428571428571,71,"0",4
"gladbach","leipzig",14,73.4285714285714,78,"1",5
"gladbach","bochum",27,74.1428571428571,72.625,"0",6
"gladbach","mainz",21,74.1428571428571,74.2857142857143,"1",7
"gladbach","koln",5,76.1428571428571,74.1666666666667,"0",8
"gladbach","heidenheim",13,73.125,69.8571428571429,"1",9
"gladbach","freiburg",9,73.125,75.1428571428571,"0",10
"gladbach","wolfsburg",15,74.125,74.625,"1",11
"gladbach","dortmund",10,73.875,81.4285714285714,"0",12
"gladbach","hoffenheim",8,74,72.875,"1",13
"wolfsburg","heidenheim",18,77.125,71,"1",1
"wolfsburg","koln",9,76.5,74.1428571428571,"0",2
"wolfsburg","hoffenheim",13,76.375,76.8333333333333,"0",3
"wolfsburg","berlin",8,77,76.75,"1",4
"wolfsburg","dortmund",7,76.375,80.2857142857143,"0",5
"wolfsburg","frankfurt",17,77.25,74.7142857142857,"1",6
"wolfsburg","stuttgart",12,77.25,72.5,"0",7
"wolfsburg","leverkusen",18,77,80.8571428571429,"1",8
"wolfsburg","augsburg",12,76.125,73.8333333333333,"0",9
"wolfsburg","werder",14,75,73.7142857142857,"1",10
"wolfsburg","gladbach",12,74.625,74.5714285714286,"0",11
"wolfsburg","leipzig",10,76,78.5714285714286,"1",12
"wolfsburg","bochum",16,76,72.5,"0",13
"bochum","stuttgart",4,73.1428571428571,72.4,"0",1
"bochum","dortmund",20,72.7142857142857,81,"1",2
"bochum","augsburg",21,72.7142857142857,73.6666666666667,"0",3
"bochum","frankfurt",21,72.7142857142857,74.1428571428571,"1",4
"bochum","munich",4,72.4285714285714,84.4,"0",5
"bochum","gladbach",24,72.7142857142857,75,"1",6
"bochum","leipzig",9,73.4285714285714,78.8571428571429,"0",7
"bochum","freiburg",13,73.5714285714286,77.4,"0",8
"bochum","mainz",11,72.7142857142857,74.5714285714286,"1",9
"bochum","darmstadt",9,72.4285714285714,71.625,"0",10
"bochum","koln",25,72,73.4,"1",11
"bochum","heidenheim",10,72.8571428571429,70,"0",12
"bochum","wolfsburg",20,72.8571428571429,75.5,"1",13
"werder","munich",6,74.3333333333333,84.3333333333333,"1",1
"werder","freiburg",15,74.6,76.8333333333333,"0",2
"werder","mainz",12,74.3333333333333,74.8571428571429,"1",3
"werder","heidenheim",10,72.6666666666667,70.1666666666667,"0",4
"werder","koln",17,74.2857142857143,74,"1",5
"werder","darmstadt",11,74.2857142857143,71.125,"0",6
"werder","hoffenheim",13,73.25,75.375,"1",7
"werder","dortmund",5,73.625,80.7142857142857,"0",8
"werder","berlin",10,74,76.75,"1",9
"werder","wolfsburg",13,74,74.875,"0",10
"werder","frankfurt",12,74,74.4285714285714,"1",11
"werder","leverkusen",2,74,82.1428571428571,"1",12
"werder","stuttgart",12,74,72.6666666666667,"0",13
"heidenheim","wolfsburg",14,70.4285714285714,76.7142857142857,"0",1
"heidenheim","hoffenheim",19,70.4285714285714,76.1428571428571,"1",2
"heidenheim","dortmund",13,69.7142857142857,81.7142857142857,"0",3
"heidenheim","werder",17,70.4285714285714,73.375,"1",4
"heidenheim","leverkusen",2,70.2857142857143,82.2857142857143,"0",5
"heidenheim","berlin",10,70.4285714285714,77.5714285714286,"1",6
"heidenheim","frankfurt",7,70.4285714285714,75.1428571428571,"0",7
"heidenheim","augsburg",15,70,73.8333333333333,"1",8
"heidenheim","gladbach",9,70,74.1666666666667,"0",9
"heidenheim","stuttgart",19,69.8333333333333,73.8,"1",10
"heidenheim","munich",8,70.3333333333333,75.4,"0",11
"heidenheim","bochum",9,70.1666666666667,72.8571428571429,"1",12
"heidenheim","leipzig",7,71,78.8571428571429,"0",13
"koln","dortmund",11,74,81.5714285714286,"0",1
"koln","wolfsburg",13,74,76,"1",2
"koln","frankfurt",6,74,75.1428571428571,"0",3
"koln","hoffenheim",18,73.375,76.125,"1",4
"koln","werder",14,73.875,74,"0",5
"koln","stuttgart",14,72.75,72.5,"1",6
"koln","leverkusen",7,72.5714285714286,82.2857142857143,"0",7
"koln","gladbach",21,74,76.7142857142857,"1",8
"koln","leipzig",6,74,78.5714285714286,"0",9
"koln","augsburg",26,73.3333333333333,73.5,"1",10
"koln","bochum",11,74,72.5,"0",11
"koln","munich",6,73.8333333333333,84,"1",12
"koln","darmstadt",12,74.6,70.5714285714286,"0",13
"darmstadt","frankfurt",10,69.7142857142857,77.1666666666667,"0",1
"darmstadt","berlin",21,70.7142857142857,76.625,"1",2
"darmstadt","leverkusen",5,70.5714285714286,82.2857142857143,"0",3
"darmstadt","gladbach",15,71.1428571428571,74,"1",4
"darmstadt","stuttgart",4,71,72.5,"0",5
"darmstadt","werder",13,71.2857142857143,73.2857142857143,"1",6
"darmstadt","augsburg",16,71.2857142857143,73.4285714285714,"0",7
"darmstadt","leipzig",17,70.1428571428571,78.1666666666667,"1",8
"darmstadt","munich",9,70.7142857142857,84.6666666666667,"0",9
"darmstadt","bochum",15,71.2857142857143,72.8571428571429,"1",10
"darmstadt","mainz",10,70.2857142857143,74.2857142857143,"1",11
"darmstadt","freiburg",7,71.1428571428571,77.4,"0",12
"darmstadt","koln",11,70.6666666666667,74.1666666666667,"1",13
"mainz","berlin",8,75.8571428571429,76.25,"0",1
"mainz","frankfurt",12,73.8333333333333,75.8333333333333,"1",2
"mainz","werder",13,73.5714285714286,73.375,"0",3
"mainz","stuttgart",15,75.4285714285714,72.5,"1",4
"mainz","augsburg",12,75.625,74.4285714285714,"0",5
"mainz","leverkusen",10,73.4285714285714,82.2857142857143,"1",6
"mainz","gladbach",14,73.4285714285714,75,"0",7
"mainz","munich",16,73.8571428571429,85.1666666666667,"1",8
"mainz","bochum",9,74.2857142857143,73.5,"0",9
"mainz","leipzig",10,75.5,78.75,"1",10
"mainz","darmstadt",11,75.8571428571429,71.4285714285714,"0",11
"mainz","hoffenheim",13,75,76.1428571428571,"0",12
"mainz","freiburg",20,74.125,74,"1",13
"berlin","mainz",11,74.4285714285714,75.1666666666667,"1",1
"berlin","darmstadt",13,74.8571428571429,70.3333333333333,"0",2
"berlin","leipzig",3,75.5714285714286,79.6666666666667,"1",3
"berlin","wolfsburg",19,75,76.5,"0",4
"berlin","hoffenheim",22,76.2857142857143,76,"1",5
"berlin","heidenheim",20,75.5714285714286,70.1666666666667,"0",6
"berlin","dortmund",12,76.4285714285714,80.1666666666667,"0",7
"berlin","stuttgart",9,76.8333333333333,73.4285714285714,"1",8
"berlin","werder",7,76.1666666666667,73.7142857142857,"0",9
"berlin","frankfurt",11,74.7142857142857,75.1428571428571,"1",10
"berlin","leverkusen",2,75.1428571428571,82,"0",11
"berlin","augsburg",14,75.4285714285714,73.75,"1",12
